Name,Country of Birth,Age
Jack,England,21
Oliver,France,45
Charlie,Germany,65
Harry,England,74
Jacob,Sweden,14
Alfie,Italy,78
Noah,Germany,41
Oscar,Poland,95
George,Portugal,74
James,Scotland,14
Thomas,Finland,44
Leo,Sweden,76
William,France,35
Joshua,France,25
Logan,Wales,64
Freddie,Ireland,78
Archie,USA,52
Max,Russia,78
Henry,England,41
Ethan,Brazil,54
Mason,Germany,78
Lucas,Brazil,96
Riley,USA,95
Daniel,England,42
Joseph,Italy,78
Jake,Italy,11
Harrison,Croatia,77
Theo,South Africa,54
Alexander,Spain,56
Samuel,Italy,55
Isaac,Germany,32
Dylan,England,34
Finley,Wales,37
Edward,Wales,53
Adam,Portugal,26
Benjamin,Sweden,49
Lewis,Scotland,57
Harley,Scotland,19
Tyler,France,42
Sebastian,USA,22
Luke,Brazil,55
Toby,Russia,42
Jayden,Russia,62
Kian,Germany,28
Tommy,Spain,27
Alex,Portugal,86
Ollie,England,32
Harvey,Ireland,54
Matthew,France,7
Blake,Germany,54
Frankie,USA,11
Nathan,Scotland,7
Jenson,Finland,8
Ryan,Russia,9
Teddy,USA,15
Zachary,Ireland,45
Arthur,England,75
Luca,France,65
David,Germany,58
Kai,Poland,26
Liam,Poland,34
Bobby,Wales,35
Micheal,USA,39
Jude,Brazil,75
Connor,Germany,48
Jamie,France,72
Callum,England,10
Stanley,Ireland,45
Louis,Poland,80
Finlay,Russia,50
Louie,USA,75
Aaron,Russia,48
Dexter,Argentina,42
Elijah,USA,59
Hugo,England,61
Rory,Scotland,70
Ben,Wales,43
Leon,Germany,74
Elliott,Finland,15
Sam,Sweden,11
Elliot,Sweden,66
Ronnie,Ireland,84
Kayden,Scotland,72
Reuben,USA,76
Jackson,Brazil,48
Seth,Brazil,15
Evan,Argentina,25
Joey,England,49
Caleb,France,44
Aiden,Italy,16
Cameron,Italy,22
Carter,Austria,27
Owen,Ireland,32
Mohammed,France,35
Austin,Germany,65
Cody,Poland,48
Zac,Poland,45
Bailey,France,21
Ellis,Wales,16
Kyle,England,18
